Kode;Kecamatan;Jumlah;Jumlah;Kodepos[18];Status;Daftar
Kemendagri;;Kelurahan;Desa;;;Desa/Kelurahan
33.04.09;Banjarmangu;;17;53452;Desa;Banjarkulon
;;;;;;Banjarmangu
;;;;;;Beji
;;;;;;Gripit
;;;;;;Jenggawur
;;;;;;Kalilunjar
;;;;;;Kendaga
;;;;;;Kesenet
;;;;;;Majatengah
;;;;;;Paseh
;;;;;;Pekandangan
;;;;;;Prendengan
;;;;;;Rejasari
;;;;;;Sigeblok
;;;;;;Sijenggung
;;;;;;Sijeruk
;;;;;;Sipedang
33.04.06;Banjarnegara;9;4;53411-53419;Desa;Ampelsari
;;;;;;Cendana
;;;;;;Sokayasa
;;;;;;Tlagawera
;;;;;Kelurahan;Argasoka
;;;;;;Karangtengah
;;;;;;Krandegan
;;;;;;Kutabanjarnegara
;;;;;;Parakancanggah
;;;;;;Semampir
;;;;;;Semarang
;;;;;;Sokanandi
;;;;;;Wangon
33.04.16;Batur;;8;53456;Desa;Bakal
;;;;;;Batur
;;;;;;Dieng Kulon
;;;;;;Karangtengah
;;;;;;Kepakisan
;;;;;;Pasurenan
;;;;;;Pekasiran
;;;;;;Sumberejo
33.04.05;Bawang;;18;53471;Desa;Bandingan
;;;;;;Bawang
;;;;;;Binorong
;;;;;;Blambangan
;;;;;;Depok
;;;;;;Gemuruh
;;;;;;Joho
;;;;;;Kebondalem
;;;;;;Kutayasa
;;;;;;Majalengka
;;;;;;Mantrianom
;;;;;;Masaran
;;;;;;Pucang
;;;;;;Serang
;;;;;;Wanadri
;;;;;;Watuurip
;;;;;;Winong
;;;;;;Wiramastra
33.04.18;Kalibening;;16;53458;Desa;Asinan
;;;;;;Bedana
;;;;;;Gununglangit
;;;;;;Kalibening
;;;;;;Kalibombong
;;;;;;Kalisat Kidul
;;;;;;Karang Anyar
;;;;;;Kasinoman
;;;;;;Kertasari
;;;;;;Majatengah
;;;;;;Plorengan
;;;;;;Sembawa
;;;;;;Sidakangen
;;;;;;Sikumpul
;;;;;;Sirukem
;;;;;;Sirukun
33.04.13;Karangkobar;;13;53453;Desa;Ambal
;;;;;;Binangun
;;;;;;Gumelar
;;;;;;Jlegong
;;;;;;Karanggondang
;;;;;;Krangkobar
;;;;;;Leksana
;;;;;;Pagerpelah
;;;;;;Pasuruhan
;;;;;;Paweden
;;;;;;Purwodadi
;;;;;;Sampang
;;;;;;Slatri
33.04.08;Madukara;2;18;53482;Desa;Bantarwaru
;;;;;;Blitar
;;;;;;Clapar
;;;;;;Dawuhan
;;;;;;Gununggiana
;;;;;;Kaliurip
;;;;;;Karanganyar
;;;;;;Kutayasa
;;;;;;Limbangan
;;;;;;Madukara
;;;;;;Pagelak
;;;;;;Pakelen
;;;;;;Pekauman
;;;;;;Penawangan
;;;;;;Petambakan
;;;;;;Rakitan
;;;;;;Sered
;;;;;;Talunamba
;;;;;Kelurahan;Kenteng
;;;;;;Rejasa
33.04.03;Mandiraja;;16;53473;Desa;Banjengan
;;;;;;Blimbing
;;;;;;Candiwulan
;;;;;;Glempang
;;;;;;Jalatunda
;;;;;;Kaliwungu
;;;;;;Kebakalan
;;;;;;Kebanaran
;;;;;;Kertayasa
;;;;;;Mandirajakulon
;;;;;;Mandirajawetan
;;;;;;Panggisari
;;;;;;Purwasaba
;;;;;;Salamerta
;;;;;;Simbang
;;;;;;Somawangi
33.04.20;Pagedongan;;9;53451;Desa;Duren
;;;;;;Gentansari
;;;;;;Gunungjati
;;;;;;Kebutuhduwur
;;;;;;Kebutuhjurang
;;;;;;Lebakwangi
;;;;;;Pagedongan
;;;;;;Pesangkalan
;;;;;;Twelagiri
33.04.14;Pagentan;;16;53455;Desa;Aribaya
;;;;;;Babadan
;;;;;;Gumingsir
;;;;;;Kalitlaga
;;;;;;Karangnangka
;;;;;;Karekan
;;;;;;Kasmaran
;;;;;;Kayuares
;;;;;;Larangan
;;;;;;Majasari
;;;;;;Metawana
;;;;;;Nagasari
;;;;;;Pagentan
;;;;;;Plumbungan
;;;;;;Sokaraja
;;;;;;Tegaljeruk
33.04.19;Pandanarum;;8;53464;Desa;Beji
;;;;;;Lawen
;;;;;;Pandanarum
;;;;;;Pasegeran
;;;;;;Pingit Lor
;;;;;;Pringamba
;;;;;;Sinduaji
;;;;;;Sirongge
33.04.15;Pejawaran;;17;53454;Desa;Beji
;;;;;;Biting
;;;;;;Condong Campur
;;;;;;Darmayasa
;;;;;;Gembol
;;;;;;Giritirta
;;;;;;Grogol
;;;;;;Kalilunjar
;;;;;;Karangsari
;;;;;;Panusupan
;;;;;;Pegundungan
;;;;;;Pejawaran
;;;;;;Ratamba
;;;;;;Sarwodadi
;;;;;;Semangkung
;;;;;;Sidengok
;;;;;;Tlahap
33.04.12;Punggelan;;17;53462;Desa;Badakarya
;;;;;;Bondolharjo
;;;;;;Danakerta
;;;;;;Jembangan
;;;;;;Karangsari
;;;;;;Kecepit
;;;;;;Klapa
;;;;;;Mlaya
;;;;;;Petuguran
;;;;;;Punggelan
;;;;;;Purwasana
;;;;;;Sambong
;;;;;;Sawangan
;;;;;;Sidarata
;;;;;;Tanjungtirta
;;;;;;Tlaga
;;;;;;Tribuana
33.04.04;Purwanegara;;13;53472;Desa;Danaraja
;;;;;;Gumiwang
;;;;;;Kaliajir
;;;;;;Kalipelus
;;;;;;Kalitengah
;;;;;;Karanganyar
;;;;;;Kutawuluh
;;;;;;Merden
;;;;;;Mertasari
;;;;;;Parakan
;;;;;;Petir
;;;;;;Pucungbedug
;;;;;;Purwonegoro
33.04.02;Purworejo Klampok;;8;53474;Desa;Kalilandak
;;;;;;Kalimandi
;;;;;;Kaliwinasuh
;;;;;;Kecitran
;;;;;;Klampok
;;;;;;Pagak
;;;;;;Purworejo
;;;;;;Sirkandi
33.04.11;Rakit;;11;53463;Desa;Adipasir
;;;;;;Badamita
;;;;;;Bandingan
;;;;;;Gelang
;;;;;;Kincang
;;;;;;Lengkong
;;;;;;Luwung
;;;;;;Pingit
;;;;;;Rakit
;;;;;;Situwangi
;;;;;;Tanjunganom
33.04.07;Sigaluh;1;14;53481;Desa;Bandingan
;;;;;;Bojanegara
;;;;;;Gembongan
;;;;;;Karangmangu
;;;;;;Kemiri
;;;;;;Panawaren
;;;;;;Prigi
;;;;;;Pringamba
;;;;;;Randegan
;;;;;;Sawal
;;;;;;Sigaluh
;;;;;;Singomerto
;;;;;;Tunggara
;;;;;;Wanacipta
;;;;;Kelurahan;Kalibenda
33.04.01;Susukan;;15;53475;Desa;Berta
;;;;;;Brengkok
;;;;;;Derik
;;;;;;Dermasari
;;;;;;Gumelem Kulon
;;;;;;Gumelem Wetan
;;;;;;Karangjati
;;;;;;Karangsalam
;;;;;;Kedawung
;;;;;;Kemranggon
;;;;;;Pakikiran
;;;;;;Panerusan Kulon
;;;;;;Panerusan Wetan
;;;;;;Piasa Wetan
;;;;;;Susukan
33.04.10;Wanadadi;;11;53461;Desa;Gumingsir
;;;;;;Kandangwangi
;;;;;;Karangjambe
;;;;;;Karangkemiri
;;;;;;Kasalib
;;;;;;Lemahjaya
;;;;;;Linggasari
;;;;;;Medayu
;;;;;;Tapen
;;;;;;Wanadadi
;;;;;;Wanakarsa
33.04.17;Wanayasa;;17;53457;Desa;Balun
;;;;;;Bantar
;;;;;;Dawuhan
;;;;;;Jatilawang
;;;;;;Karangtengah
;;;;;;Kasimpar
;;;;;;Kubang
;;;;;;Legoksayem
;;;;;;Pagergunung
;;;;;;Pandansari
;;;;;;Penanggungan
;;;;;;Kalideres
;;;;;;Susukan
;;;;;;Suwidak
;;;;;;Tempuran
;;;;;;Wanaraja
;;;;;;Wanayasa
